{"cameraMode":{"drawMode":0,"name":"Shaded","section":"Shading Mode"},"sceneLighting":false,"audioPlay":false,"sceneViewState":{"showFog":true,"showMaterialUpdate":false,"showSkybox":false,"showFlares":true,"showImageEffects":true,"showParticleSystems":true},"in2DMode":false,"pivot":{"x":1452.0142822265625,"y":2061.731201171875,"z":0.0},"rotation":{"x":0.028172001242637636,"y":-0.032384272664785388,"z":-0.0009132364648394287,"w":-0.9990789294242859},"size":42.42640686035156,"orthographic":false}