{"cameraMode":{"drawMode":0,"name":"Shaded","section":"Shading Mode"},"sceneLighting":false,"audioPlay":false,"sceneViewState":{"showFog":true,"showMaterialUpdate":false,"showSkybox":false,"showFlares":true,"showImageEffects":true,"showParticleSystems":true},"in2DMode":false,"pivot":{"x":87.21615600585938,"y":1.5365371704101563,"z":-2.2208781242370607},"rotation":{"x":-0.02432989329099655,"y":-0.9756860733032227,"z":0.15376217663288117,"w":-0.15434665977954865},"size":0.42187321186065676,"orthographic":false}