{"cameraMode":{"drawMode":0,"name":"Shaded","section":"Shading Mode"},"sceneLighting":false,"audioPlay":false,"sceneViewState":{"showFog":true,"showMaterialUpdate":false,"showSkybox":false,"showFlares":true,"showImageEffects":true,"showParticleSystems":true},"in2DMode":false,"pivot":{"x":84.94999694824219,"y":2.9000000953674318,"z":108.80083465576172},"rotation":{"x":-0.08099503070116043,"y":0.8347696661949158,"z":-0.12770870327949525,"w":-0.5294240117073059},"size":0.3024483323097229,"orthographic":false}