{"cameraMode":{"drawMode":0,"name":"Shaded","section":"Shading Mode"},"sceneLighting":false,"audioPlay":false,"sceneViewState":{"showFog":true,"showMaterialUpdate":false,"showSkybox":false,"showFlares":true,"showImageEffects":true,"showParticleSystems":true},"in2DMode":false,"pivot":{"x":-11.178461074829102,"y":1.2500009536743165,"z":9.273871421813965},"rotation":{"x":0.1566455215215683,"y":-0.17674584686756135,"z":0.02850472927093506,"w":0.9712936878204346},"size":1.0307763814926148,"orthographic":true}