{"cameraMode":{"drawMode":0,"name":"Shaded","section":"Shading Mode"},"sceneLighting":false,"audioPlay":false,"sceneViewState":{"showFog":true,"showMaterialUpdate":false,"showSkybox":false,"showFlares":true,"showImageEffects":true,"showParticleSystems":true},"in2DMode":false,"pivot":{"x":-9.107229232788086,"y":1.2500009536743165,"z":9.787108421325684},"rotation":{"x":0.16388066112995149,"y":-0.3079792261123657,"z":0.053944822400808337,"w":0.9356194734573364},"size":1.0307763814926148,"orthographic":true}